data,descricao,valor,tipo,referencia
2025-05-14,PAGAMENTO FORNECEDOR,-28170.73,D,REF0000003141
2025-05-04,SALÁRIO DEPOSITADO,76719.79,C,REF0000003263
2025-05-07,CRÉDITO FOLHA,8035.08,C,REF0000003838
2025-05-19,SAQUE ATM,-36004.14,D,REF0000003862
2025-05-23,DÉBITO AUTOMÁTICO,-78.27,D,REF0000003984
2025-05-05,SAQUE ATM,-4330.21,D,REF0000003324
2025-05-19,TED RECEBIDA,19264.8,C,REF0000003076
2025-05-07,SALÁRIO DEPOSITADO,7803.54,C,REF0000003767
2025-05-30,SAQUE ATM,-29413.62,D,REF0000003607
2025-05-17,PAGAMENTO SALÁRIO,-2335.47,D,REF0000003254
2025-05-06,SALÁRIO DEPOSITADO,26035.37,C,REF0000003781
2025-05-22,PIX ENVIADO,-71775.83,D,REF0000003819
2025-05-02,TED ENVIADA,-66046.37,D,REF0000003303
2025-05-09,REEMBOLSO DESPESA,2630.36,C,REF0000003388
2025-05-07,PAGAMENTO FORNECEDOR,-69435.31,D,REF0000003249
2025-05-31,SAQUE ATM,-31312.55,D,REF0000003294
2025-05-14,TED ENVIADA,-66742.02,D,REF0000003296
2025-05-20,PAGAMENTO FORNECEDOR,-29881.06,D,REF0000003143
2025-05-25,PAGAMENTO CLIENTE,44195.47,C,REF0000003509
2025-05-29,SAQUE ATM,-36351.06,D,REF0000003899
2025-05-11,DEVOLUÇÃO BOLETO,26156.92,C,REF0000003461
2025-05-28,TED ENVIADA,-39485.78,D,REF0000003515
2025-05-12,DOC RECEBIDO,4039.67,C,REF0000003305
2025-05-05,PAGAMENTO SALÁRIO,-53944.7,D,REF0000003480
2025-05-12,BOLETO PAGO,-34379.47,D,REF0000003207
2025-05-07,PIX ENVIADO,-1296.61,D,REF0000003302
2025-05-15,COMPRA CARTÃO,-64321.21,D,REF0000003282
2025-05-11,PIX ENVIADO,-52681.47,D,REF0000003674
2025-05-08,TARIFA BANCÁRIA,-4916.17,D,REF0000003834
2025-05-29,TRANSFERÊNCIA ENVIADA,-32814.43,D,REF0000003547
2025-05-27,CRÉDITO FOLHA,66600.61,C,REF0000003376
2025-05-14,PAGAMENTO CLIENTE,59932.02,C,REF0000003592
2025-05-20,DOC RECEBIDO,9971.21,C,REF0000003218
2025-05-13,TRANSFERÊNCIA ENVIADA,48550.92,D,REF0000000885
2025-05-29,RENDIMENTO POUPANÇA,57395.58,C,REF0000003951
2025-05-29,DEVOLUÇÃO BOLETO,8054.21,C,REF0000003941
2025-05-26,SALÁRIO DEPOSITADO,8543.26,C,REF0000003465
2025-05-09,SALÁRIO DEPOSITADO,54681.53,C,REF0000003313
2025-05-21,PIX ENVIADO,-8779.31,D,REF0000003262
2025-05-01,TRANSFERÊNCIA ENVIADA,-77564.85,D,REF0000003277
2025-05-11,SAQUE ATM,-54586.45,D,REF0000003215
2025-05-24,PIX RECEBIDO,45764.92,C,REF0000003171
2025-05-26,PIX ENVIADO,-16784.07,D,REF0000003614
2025-05-07,CRÉDITO FOLHA,44894.63,C,REF0000003128
2025-05-31,BOLETO PAGO,-71994.54,D,REF0000003273
2025-05-13,TRANSFERÊNCIA RECEBIDA,25726.68,C,REF0000003368
2025-05-28,SAQUE ATM,-12698.55,D,REF0000003106
2025-05-14,DÉBITO AUTOMÁTICO,-39917.14,D,REF0000003217
2025-05-12,SALÁRIO DEPOSITADO,48095.42,C,REF0000003136
2025-05-04,COMPRA CARTÃO,-67541.26,D,REF0000003719
2025-05-17,DOC RECEBIDO,48353.68,C,REF0000003060
2025-05-04,RENDIMENTO POUPANÇA,5001.04,C,REF0000003365
2025-05-17,CRÉDITO FOLHA,68262.96,C,REF0000003385
2025-05-19,TARIFA BANCÁRIA,-74207.74,D,REF0000003855
2025-05-24,BOLETO PAGO,-8774.07,D,REF0000003109
2025-05-13,RENDIMENTO POUPANÇA,53855.23,C,REF0000003757
2025-05-05,TRANSFERÊNCIA ENVIADA,-972.47,D,REF0000003169
2025-05-05,SALÁRIO DEPOSITADO,28386.43,C,REF0000003256
2025-05-11,SALÁRIO DEPOSITADO,65356.92,C,REF0000003001
2025-05-27,CRÉDITO FOLHA,-48152.9,C,REF0000000286
2025-05-27,REEMBOLSO DESPESA,61380.87,C,REF0000003896
2025-05-21,IOF,-30269.4,D,REF0000003817
2025-05-05,TRANSFERÊNCIA ENVIADA,-71464.82,D,REF0000003905
2025-05-04,PAGAMENTO SALÁRIO,-76507.43,D,REF0000003538
2025-05-20,PIX ENVIADO,-15150.55,D,REF0000003778
2025-05-22,CRÉDITO FOLHA,65523.17,C,REF0000003279
2025-05-04,DOC RECEBIDO,6244.22,C,REF0000003609
2025-05-02,SAQUE ATM,-27035.71,D,REF0000003440
2025-05-18,TARIFA BANCÁRIA,-26553.59,D,REF0000003555
2025-05-11,BOLETO PAGO,-35826.04,D,REF0000003088
2025-05-19,TARIFA BANCÁRIA,64489.02,D,REF0000000431
2025-05-21,DÉBITO AUTOMÁTICO,-68738.85,D,REF0000003811
2025-05-04,DÉBITO AUTOMÁTICO,-35078.04,D,REF0000003876
2025-05-01,DEVOLUÇÃO BOLETO,25932.42,C,REF0000003130
2025-05-23,PAGAMENTO FORNECEDOR,-76119.02,D,REF0000003572
2025-05-02,RENDIMENTO POUPANÇA,35112.54,C,REF0000003409
2025-05-03,PAGAMENTO FORNECEDOR,-47775.26,D,REF0000003701
2025-05-22,SAQUE ATM,-24626.37,D,REF0000003156
2025-05-04,PIX RECEBIDO,30261.12,C,REF0000003012
2025-05-06,TARIFA BANCÁRIA,-59794.49,D,REF0000003884
2025-05-28,PAGAMENTO CLIENTE,12373.33,C,REF0000003694
2025-05-20,BOLETO PAGO,-62875.6,D,REF0000003857
2025-05-03,PAGAMENTO SALÁRIO,-11544.51,D,REF0000003576
2025-05-10,BOLETO PAGO,-28900.64,D,REF0000003048
2025-05-04,PAGAMENTO FORNECEDOR,-76608.11,D,REF0000003793
2025-05-04,REEMBOLSO DESPESA,36429.18,C,REF0000003010
2025-05-19,SALÁRIO DEPOSITADO,2288.98,C,REF0000003812
2025-05-10,SALÁRIO DEPOSITADO,2446.91,C,REF0000003935
2025-05-14,COMPRA CARTÃO,-11277.06,D,REF0000003660
2025-05-26,PAGAMENTO SALÁRIO,-27786.38,D,REF0000003668
2025-05-31,PIX RECEBIDO,63402.41,C,REF0000003015
2025-05-08,TED ENVIADA,-75584.21,D,REF0000003499
2025-05-15,SALÁRIO DEPOSITADO,17037.41,C,REF0000003243
2025-05-07,CRÉDITO FOLHA,38249.3,C,REF0000003948
2025-05-30,DOC RECEBIDO,23305.27,C,REF0000003464
2025-05-14,SALÁRIO DEPOSITADO,17528.89,C,REF0000003135
2025-05-12,DEVOLUÇÃO BOLETO,71776.88,C,REF0000003403
2025-05-20,TRANSFERÊNCIA ENVIADA,-26446.31,D,REF0000003612
2025-05-18,PIX ENVIADO,-31967.61,D,REF0000003386
2025-05-05,DÉBITO AUTOMÁTICO,-76768.85,D,REF0000003037
2025-05-30,REEMBOLSO DESPESA,48864.79,C,REF0000003705
2025-05-25,DÉBITO AUTOMÁTICO,-79379.4,D,REF0000003842
2025-05-04,TED ENVIADA,-15618.71,D,REF0000003071
2025-05-15,PIX ENVIADO,-41679.3,D,REF0000003133
2025-05-27,COMPRA CARTÃO,-24950.82,D,REF0000003581
2025-05-23,DOC RECEBIDO,19613.15,C,REF0000003829
2025-05-16,TED RECEBIDA,55612.46,C,REF0000003242
2025-05-02,REEMBOLSO DESPESA,382.4,C,REF0000003157
2025-05-18,SAQUE ATM,-24597.08,D,REF0000003971
2025-05-03,CRÉDITO FOLHA,56127.07,C,REF0000003053
2025-05-17,PAGAMENTO CLIENTE,65128.93,C,REF0000003245
2025-05-08,TED ENVIADA,-23334.53,D,REF0000003569
2025-05-25,TED RECEBIDA,64202.91,C,REF0000003550
2025-05-08,REEMBOLSO DESPESA,35944.99,C,REF0000003478
2025-05-12,DOC RECEBIDO,52766.38,C,REF0000003288
2025-05-19,TED RECEBIDA,63897.35,C,REF0000003894
2025-05-21,PAGAMENTO FORNECEDOR,-57344.14,D,REF0000003796
2025-05-16,REEMBOLSO DESPESA,27974.64,C,REF0000003125
2025-05-10,RENDIMENTO POUPANÇA,38118.86,C,REF0000003343
2025-05-09,PIX RECEBIDO,10593.22,C,REF0000003438
2025-05-01,PIX RECEBIDO,1764.39,C,REF0000003398
2025-05-14,DOC RECEBIDO,27199.95,C,REF0000003708
2025-05-16,DOC RECEBIDO,71725.26,C,REF0000003131
2025-05-23,SALÁRIO DEPOSITADO,43059.01,C,REF0000003667
2025-05-17,IOF,-49338.25,D,REF0000003579
2025-05-19,TRANSFERÊNCIA ENVIADA,-2413.69,D,REF0000003762
2025-05-14,PIX RECEBIDO,56813.74,C,REF0000003529
2025-05-13,DEVOLUÇÃO BOLETO,17541.85,C,REF0000003248
2025-05-17,REEMBOLSO DESPESA,6566.4,C,REF0000003482
2025-05-18,PAGAMENTO SALÁRIO,-10299.48,D,REF0000003946
2025-05-05,TED RECEBIDA,46697.08,C,REF0000003235
2025-05-24,TARIFA BANCÁRIA,-12493.54,D,REF0000003003
2025-05-16,RENDIMENTO POUPANÇA,53884.14,C,REF0000003524
2025-05-28,IOF,51784.72,D,REF0000000926
2025-05-04,PAGAMENTO CLIENTE,60421.99,C,REF0000003557
2025-05-14,RENDIMENTO POUPANÇA,3587.62,C,REF0000003707
2025-05-17,PAGAMENTO CLIENTE,48587.81,C,REF0000003471
2025-05-21,COMPRA CARTÃO,-13227.71,D,REF0000003070
2025-05-30,DÉBITO AUTOMÁTICO,26350.53,D,REF0000000429
2025-05-24,DÉBITO AUTOMÁTICO,-56482.98,D,REF0000003269
2025-05-06,RENDIMENTO POUPANÇA,30375.87,C,REF0000003659
2025-05-07,IOF,-12184.7,D,REF0000003756
2025-05-28,DOC RECEBIDO,56465.88,C,REF0000003640
2025-05-16,DOC RECEBIDO,51663.9,C,REF0000003706
2025-05-14,TRANSFERÊNCIA RECEBIDA,64137.59,C,REF0000003378
2025-05-25,RENDIMENTO POUPANÇA,-36683.46,C,REF0000000013
2025-05-13,PAGAMENTO SALÁRIO,-41331.42,D,REF0000003646
2025-05-04,PAGAMENTO FORNECEDOR,-32612.56,D,REF0000003082
2025-05-10,TRANSFERÊNCIA ENVIADA,-17723.56,D,REF0000003752
2025-05-14,TARIFA BANCÁRIA,-28194.37,D,REF0000003770
2025-05-05,PAGAMENTO CLIENTE,15475.55,C,REF0000003648
2025-05-12,TED ENVIADA,-32054.65,D,REF0000003923
2025-05-06,PIX ENVIADO,-11742.4,D,REF0000003341
2025-05-17,IOF,-42388.54,D,REF0000003261
2025-05-20,PAGAMENTO SALÁRIO,-47053.74,D,REF0000003753
2025-05-10,SAQUE ATM,-38630.48,D,REF0000003682
2025-05-02,PAGAMENTO CLIENTE,52811.06,C,REF0000003429
2025-05-15,BOLETO PAGO,-79177.58,D,REF0000003788
2025-05-12,CRÉDITO FOLHA,70419.64,C,REF0000003807
2025-05-24,SALÁRIO DEPOSITADO,42856.61,C,REF0000003174
2025-05-11,PAGAMENTO FORNECEDOR,-40200.12,D,REF0000003257
2025-05-13,TRANSFERÊNCIA ENVIADA,-28407.66,D,REF0000003127
2025-05-29,RENDIMENTO POUPANÇA,40629.49,C,REF0000003155
2025-05-21,CRÉDITO FOLHA,76643.35,C,REF0000003091
2025-05-29,RENDIMENTO POUPANÇA,11389.74,C,REF0000003179
2025-05-11,PAGAMENTO CLIENTE,26202.9,C,REF0000003518
2025-05-14,REEMBOLSO DESPESA,11264.58,C,REF0000003887
2025-05-31,TRANSFERÊNCIA RECEBIDA,12875.41,C,REF0000003871
2025-05-13,DOC RECEBIDO,9423.0,C,REF0000003051
2025-05-30,DEVOLUÇÃO BOLETO,72808.82,C,REF0000003431
2025-05-24,SAQUE ATM,-7654.83,D,REF0000003223
2025-05-28,PAGAMENTO CLIENTE,35294.17,C,REF0000003101
2025-05-02,TRANSFERÊNCIA RECEBIDA,45120.96,C,REF0000003077
2025-05-25,TED RECEBIDA,15527.96,C,REF0000003852
2025-05-12,DEVOLUÇÃO BOLETO,27468.91,C,REF0000003755
2025-05-16,PAGAMENTO CLIENTE,50111.88,C,REF0000003591
2025-05-11,DÉBITO AUTOMÁTICO,-65246.42,D,REF0000003018
2025-05-23,DÉBITO AUTOMÁTICO,-44556.12,D,REF0000003881
2025-05-05,PIX RECEBIDO,9220.97,C,REF0000003334
2025-05-12,TRANSFERÊNCIA RECEBIDA,76729.36,C,REF0000003344
2025-05-20,PIX ENVIADO,-26516.26,D,REF0000003603
2025-05-12,PAGAMENTO CLIENTE,73042.93,C,REF0000003889
2025-05-09,DÉBITO AUTOMÁTICO,-15958.87,D,REF0000003886
2025-05-25,IOF,-64568.73,D,REF0000003965
2025-05-10,COMPRA CARTÃO,-45354.66,D,REF0000003297
2025-05-13,SAQUE ATM,-64731.99,D,REF0000003544
2025-05-27,PIX ENVIADO,-64494.88,D,REF0000003888
2025-05-15,TED ENVIADA,-31325.58,D,REF0000003345
2025-05-11,COMPRA CARTÃO,-63678.68,D,REF0000003481
2025-05-04,TRANSFERÊNCIA RECEBIDA,56198.15,C,REF0000003113
2025-05-10,PAGAMENTO CLIENTE,17096.66,C,REF0000003853
2025-05-06,PIX ENVIADO,-63317.91,D,REF0000003558
2025-05-13,PAGAMENTO CLIENTE,62161.58,C,REF0000003151
2025-05-31,TRANSFERÊNCIA RECEBIDA,15149.35,C,REF0000003006
2025-05-19,PAGAMENTO SALÁRIO,-49089.59,D,REF0000003530
2025-05-25,CRÉDITO FOLHA,67773.28,C,REF0000003798
2025-05-14,PAGAMENTO FORNECEDOR,-48701.9,D,REF0000003650
2025-05-21,CRÉDITO FOLHA,54916.97,C,REF0000003251
2025-05-05,RENDIMENTO POUPANÇA,76297.14,C,REF0000003307
2025-05-16,COMPRA CARTÃO,-71796.51,D,REF0000003462
2025-05-16,DEVOLUÇÃO BOLETO,52017.23,C,REF0000003822
2025-05-17,BOLETO PAGO,-47466.43,D,REF0000003685
2025-05-25,PIX ENVIADO,-76166.03,D,REF0000003872
2025-05-05,PAGAMENTO FORNECEDOR,-36393.56,D,REF0000003114
2025-05-15,PIX ENVIADO,-1430.47,D,REF0000003444
2025-05-30,PAGAMENTO CLIENTE,49467.07,C,REF0000003170
2025-05-12,PAGAMENTO CLIENTE,16643.72,C,REF0000003760
2025-05-17,TED RECEBIDA,21782.62,C,REF0000003064
2025-05-30,TED ENVIADA,-73881.98,D,REF0000003355
2025-05-25,CRÉDITO FOLHA,76121.94,C,REF0000003687
2025-05-28,RENDIMENTO POUPANÇA,44285.87,C,REF0000003435
2025-05-28,TRANSFERÊNCIA RECEBIDA,23902.03,C,REF0000003121
2025-05-14,TRANSFERÊNCIA ENVIADA,-66292.56,D,REF0000003161
2025-05-05,TED RECEBIDA,6769.55,C,REF0000003733
2025-05-06,PAGAMENTO SALÁRIO,-61046.65,D,REF0000003776
2025-05-18,PAGAMENTO FORNECEDOR,-16635.38,D,REF0000003669
2025-05-10,TED RECEBIDA,12407.25,C,REF0000003105
2025-05-17,DOC RECEBIDO,72495.97,C,REF0000003833
2025-05-01,TED RECEBIDA,19626.83,C,REF0000003790
2025-05-11,PAGAMENTO SALÁRIO,-47946.4,D,REF0000003750
2025-05-14,IOF,-9071.36,D,REF0000003999
2025-05-07,REEMBOLSO DESPESA,35772.65,C,REF0000003915
2025-05-18,PIX ENVIADO,-61358.36,D,REF0000003728
2025-05-30,PAGAMENTO SALÁRIO,-11100.79,D,REF0000003041
2025-05-10,REEMBOLSO DESPESA,43443.89,C,REF0000003144
2025-05-05,TED ENVIADA,-47493.09,D,REF0000003578
2025-05-12,RENDIMENTO POUPANÇA,76519.5,C,REF0000003026
2025-05-13,DEVOLUÇÃO BOLETO,17541.85,C,REF0000003248
2025-05-21,TARIFA BANCÁRIA,-24152.24,D,REF0000003559
2025-05-29,SALÁRIO DEPOSITADO,46102.14,C,REF0000003483
2025-05-20,PAGAMENTO SALÁRIO,-36762.47,D,REF0000003787
2025-05-31,PIX RECEBIDO,45278.88,C,REF0000003890
2025-05-10,PIX ENVIADO,-33825.44,D,REF0000003716
2025-05-20,PIX RECEBIDO,3103.58,C,REF0000003639
2025-05-18,TED RECEBIDA,42204.63,C,REF0000003213
2025-05-23,PAGAMENTO CLIENTE,33519.12,C,REF0000003485
2025-05-20,PAGAMENTO FORNECEDOR,-1661.33,D,REF0000003563
2025-05-21,TARIFA BANCÁRIA,-68621.55,D,REF0000003960
2025-05-03,SAQUE ATM,-46780.23,D,REF0000003359
2025-05-31,SALÁRIO DEPOSITADO,70668.68,C,REF0000003622
2025-05-24,PAGAMENTO FORNECEDOR,-26088.53,D,REF0000003868
2025-05-31,PIX ENVIADO,-34149.84,D,REF0000003968
2025-05-21,COMPRA CARTÃO,-25586.31,D,REF0000003771
2025-05-20,PAGAMENTO FORNECEDOR,-5427.54,D,REF0000003528
2025-05-28,DOC RECEBIDO,45681.06,C,REF0000003768
2025-05-14,IOF,-28241.07,D,REF0000003039
2025-05-29,BOLETO PAGO,-71824.03,D,REF0000003645
2025-05-12,REEMBOLSO DESPESA,55705.0,C,REF0000003052
2025-05-12,DEVOLUÇÃO BOLETO,37406.39,C,REF0000003673
2025-05-30,TARIFA BANCÁRIA,-37795.2,D,REF0000003598
2025-05-17,CRÉDITO FOLHA,11128.83,C,REF0000003779
2025-05-01,IOF,-20320.27,D,REF0000003284
2025-05-13,PAGAMENTO SALÁRIO,-18109.46,D,REF0000003024
2025-05-19,TARIFA BANCÁRIA,-47314.13,D,REF0000003219
2025-05-12,TED ENVIADA,-47576.63,D,REF0000003604
2025-05-05,CRÉDITO FOLHA,71652.14,C,REF0000003028
2025-05-04,TED RECEBIDA,7415.31,C,REF0000003942
2025-05-27,BOLETO PAGO,-38723.38,D,REF0000003338
2025-05-17,REEMBOLSO DESPESA,46498.07,C,REF0000003044
2025-05-23,SAQUE ATM,-55650.47,D,REF0000003401
2025-05-13,TRANSFERÊNCIA RECEBIDA,64129.1,C,REF0000003690
2025-05-08,TARIFA BANCÁRIA,-31310.42,D,REF0000003989
2025-05-24,REEMBOLSO DESPESA,75154.37,C,REF0000003162
2025-05-18,TED RECEBIDA,77939.49,C,REF0000003893
2025-05-10,DEVOLUÇÃO BOLETO,60570.6,C,REF0000003803
2025-05-27,REEMBOLSO DESPESA,73031.0,C,REF0000003697
2025-05-23,RENDIMENTO POUPANÇA,21141.77,C,REF0000003240
2025-05-31,PIX RECEBIDO,67322.41,C,REF0000003522
2025-05-24,COMPRA CARTÃO,-59264.33,D,REF0000003919
2025-05-24,TED RECEBIDA,18082.87,C,REF0000003950
2025-05-26,CRÉDITO FOLHA,7689.76,C,REF0000003564
2025-05-12,PIX ENVIADO,-66273.2,D,REF0000003795
2025-05-24,REEMBOLSO DESPESA,25192.07,C,REF0000003080
2025-05-14,TRANSFERÊNCIA RECEBIDA,55960.41,C,REF0000003140
2025-05-02,SAQUE ATM,-28857.29,D,REF0000003089
2025-05-16,PAGAMENTO CLIENTE,26088.22,C,REF0000003858
2025-05-29,TED ENVIADA,-33833.93,D,REF0000003310
2025-05-31,TRANSFERÊNCIA ENVIADA,-9921.54,D,REF0000003991
2025-05-26,TRANSFERÊNCIA ENVIADA,-10795.71,D,REF0000003944
2025-05-26,TED ENVIADA,-68980.41,D,REF0000003792
2025-05-30,TARIFA BANCÁRIA,-22418.72,D,REF0000003419
2025-05-12,IOF,-37492.7,D,REF0000003885
2025-05-28,TED RECEBIDA,11280.38,C,REF0000003882
2025-05-04,PAGAMENTO SALÁRIO,-77909.37,D,REF0000003081
2025-05-11,TED ENVIADA,-16846.29,D,REF0000003801
2025-05-23,REEMBOLSO DESPESA,73702.37,C,REF0000003587
2025-05-10,TED RECEBIDA,34592.46,C,REF0000003308
2025-05-11,IOF,-33596.54,D,REF0000003536
2025-05-21,TED ENVIADA,-18387.24,D,REF0000003925
2025-05-17,IOF,-36936.69,D,REF0000003586
2025-05-15,PAGAMENTO CLIENTE,37925.71,C,REF0000003336
2025-05-18,RENDIMENTO POUPANÇA,78351.23,C,REF0000003831
2025-05-27,PIX RECEBIDO,76283.42,C,REF0000003502
2025-05-08,COMPRA CARTÃO,-72890.01,D,REF0000003473
2025-05-24,TRANSFERÊNCIA RECEBIDA,55461.2,C,REF0000003475
2025-05-24,TARIFA BANCÁRIA,-64301.1,D,REF0000003517
2025-05-13,TRANSFERÊNCIA ENVIADA,-49851.73,D,REF0000003202
2025-05-25,REEMBOLSO DESPESA,73400.96,C,REF0000003110
2025-05-27,DEVOLUÇÃO BOLETO,2148.43,C,REF0000003158
2025-05-01,TARIFA BANCÁRIA,-9227.34,D,REF0000003192
2025-05-16,TED ENVIADA,-9356.69,D,REF0000003837
2025-05-02,REEMBOLSO DESPESA,-48549.9,C,REF0000000788
2025-05-21,SALÁRIO DEPOSITADO,39752.91,C,REF0000003396
2025-05-09,DÉBITO AUTOMÁTICO,-76117.28,D,REF0000003845
2025-05-04,TARIFA BANCÁRIA,-59365.6,D,REF0000003421
2025-05-21,IOF,-48128.26,D,REF0000003843
2025-05-14,RENDIMENTO POUPANÇA,27054.93,C,REF0000003739
2025-05-16,TRANSFERÊNCIA ENVIADA,-27426.76,D,REF0000003112
2025-05-27,PAGAMENTO CLIENTE,31887.38,C,REF0000003711
2025-05-28,SAQUE ATM,-12698.55,D,REF0000003106
2025-05-14,PAGAMENTO FORNECEDOR,-23754.89,D,REF0000003982
2025-05-24,CRÉDITO FOLHA,41215.96,C,REF0000003723
2025-05-20,DÉBITO AUTOMÁTICO,-46970.2,D,REF0000003205
2025-05-31,BOLETO PAGO,-66995.16,D,REF0000003167
2025-05-02,TRANSFERÊNCIA ENVIADA,-45480.08,D,REF0000003805
2025-05-20,DEVOLUÇÃO BOLETO,20243.35,C,REF0000003681
2025-05-09,TRANSFERÊNCIA RECEBIDA,46251.88,C,REF0000003238
2025-05-24,BOLETO PAGO,-37466.93,D,REF0000003983
2025-05-05,PIX RECEBIDO,17959.95,C,REF0000003228
2025-05-11,TARIFA BANCÁRIA,-1558.79,D,REF0000003901
2025-05-25,TRANSFERÊNCIA RECEBIDA,36686.45,C,REF0000003802
2025-05-03,PAGAMENTO SALÁRIO,-57315.44,D,REF0000003214
2025-05-26,PIX ENVIADO,-15892.13,D,REF0000003216
2025-05-24,BOLETO PAGO,-37466.93,D,REF0000003983
2025-05-06,SAQUE ATM,-835.2,D,REF0000003600
2025-05-13,TARIFA BANCÁRIA,-73021.89,D,REF0000003181
2025-05-17,DOC RECEBIDO,37332.08,C,REF0000003299
2025-05-24,BOLETO PAGO,-78235.21,D,REF0000003065
2025-05-06,PIX RECEBIDO,50376.29,C,REF0000003675
2025-05-07,IOF,-63175.25,D,REF0000003117
2025-05-04,IOF,-69863.82,D,REF0000003278
2025-05-06,SALÁRIO DEPOSITADO,36648.62,C,REF0000003784
2025-05-29,TRANSFERÊNCIA ENVIADA,-68958.5,D,REF0000003236
2025-05-01,RENDIMENTO POUPANÇA,32147.21,C,REF0000003900
2025-05-02,PAGAMENTO SALÁRIO,-67025.45,D,REF0000003647
2025-05-26,COMPRA CARTÃO,-658.03,D,REF0000003154
2025-05-19,TARIFA BANCÁRIA,-12082.07,D,REF0000003902
2025-05-06,IOF,-76265.8,D,REF0000003448
2025-05-05,TED ENVIADA,-69631.63,D,REF0000003721
2025-05-22,IOF,-26323.63,D,REF0000003953
2025-05-15,TRANSFERÊNCIA RECEBIDA,23063.06,C,REF0000003505
2025-05-25,TARIFA BANCÁRIA,-25926.57,D,REF0000003362
2025-05-25,TRANSFERÊNCIA ENVIADA,-33935.61,D,REF0000003436
2025-05-04,PAGAMENTO SALÁRIO,-66400.05,D,REF0000003327
2025-05-17,DEVOLUÇÃO BOLETO,64234.96,C,REF0000003597
2025-05-05,PIX RECEBIDO,26796.57,C,REF0000003389
2025-05-20,COMPRA CARTÃO,-40092.98,D,REF0000003377
2025-05-10,TARIFA BANCÁRIA,-36854.91,D,REF0000003657
2025-05-13,IOF,-53928.87,D,REF0000003497
2025-05-12,DOC RECEBIDO,14001.03,C,REF0000003353
2025-05-13,TARIFA BANCÁRIA,-3601.02,D,REF0000003428
2025-05-24,COMPRA CARTÃO,-18509.71,D,REF0000003474
2025-05-04,PAGAMENTO SALÁRIO,-20728.99,D,REF0000003717
2025-05-02,TED ENVIADA,-67143.88,D,REF0000003326
2025-05-31,CRÉDITO FOLHA,73792.17,C,REF0000003686
2025-05-22,PAGAMENTO SALÁRIO,-44910.93,D,REF0000003608
2025-05-02,DÉBITO AUTOMÁTICO,-68670.7,D,REF0000003981
2025-05-22,PAGAMENTO SALÁRIO,-42612.52,D,REF0000003903
2025-05-09,TRANSFERÊNCIA RECEBIDA,37459.17,C,REF0000003350
2025-05-29,PAGAMENTO SALÁRIO,-42006.0,D,REF0000003122
2025-05-25,SALÁRIO DEPOSITADO,67209.02,C,REF0000003974
2025-05-07,TRANSFERÊNCIA RECEBIDA,24207.21,C,REF0000003567
2025-05-19,PAGAMENTO CLIENTE,10179.99,C,REF0000003611
2025-05-08,REEMBOLSO DESPESA,42524.92,C,REF0000003732
2025-05-24,PIX RECEBIDO,-33000.91,C,REF0000000682
2025-05-10,PIX RECEBIDO,50842.21,C,REF0000003651
2025-05-27,TRANSFERÊNCIA RECEBIDA,7611.95,C,REF0000003969
2025-05-29,COMPRA CARTÃO,-72830.67,D,REF0000003293
2025-05-11,TED ENVIADA,-15074.0,D,REF0000003244
2025-05-23,CRÉDITO FOLHA,64459.07,C,REF0000003333
2025-05-13,CRÉDITO FOLHA,19710.8,C,REF0000003523
2025-05-06,DOC RECEBIDO,25878.12,C,REF0000003038
2025-05-18,REEMBOLSO DESPESA,61361.63,C,REF0000003769
2025-05-30,DÉBITO AUTOMÁTICO,-1852.27,D,REF0000003382
2025-05-18,COMPRA CARTÃO,-28982.4,D,REF0000003476
2025-05-23,PIX RECEBIDO,66716.99,C,REF0000003487
2025-05-03,DÉBITO AUTOMÁTICO,-61073.38,D,REF0000003967
2025-05-22,IOF,-38049.02,D,REF0000003809
2025-05-29,DÉBITO AUTOMÁTICO,-51116.76,D,REF0000003291
2025-05-13,DOC RECEBIDO,52581.89,C,REF0000003468
2025-05-05,PIX RECEBIDO,25900.86,C,REF0000003617
2025-05-24,TRANSFERÊNCIA ENVIADA,-2520.83,D,REF0000003289
2025-05-06,PAGAMENTO CLIENTE,77305.09,C,REF0000003972
2025-05-14,IOF,-37390.15,D,REF0000003196
2025-05-03,IOF,-29522.77,D,REF0000003004
2025-05-30,TED ENVIADA,-53854.45,D,REF0000003850
2025-05-15,TED ENVIADA,-43986.12,D,REF0000003402
2025-05-09,PIX ENVIADO,-11911.65,D,REF0000003813
2025-05-24,DOC RECEBIDO,74906.51,C,REF0000003933
2025-05-28,TED ENVIADA,-43140.44,D,REF0000003470
2025-05-19,DEVOLUÇÃO BOLETO,18996.45,C,REF0000003458
2025-05-26,CRÉDITO FOLHA,40365.35,C,REF0000003165
2025-05-07,PAGAMENTO FORNECEDOR,-65611.13,D,REF0000003973
2025-05-17,PAGAMENTO CLIENTE,79473.66,C,REF0000003087
2025-05-18,CRÉDITO FOLHA,79110.23,C,REF0000003369
2025-05-15,PAGAMENTO FORNECEDOR,-7728.58,D,REF0000003317
2025-05-14,TED RECEBIDA,5602.86,C,REF0000003009
2025-05-11,REEMBOLSO DESPESA,53299.21,C,REF0000003274
2025-05-10,IOF,-41695.47,D,REF0000003513
2025-05-16,PAGAMENTO FORNECEDOR,-47847.48,D,REF0000003534
2025-05-25,DOC RECEBIDO,68944.03,C,REF0000003034
2025-05-17,DEVOLUÇÃO BOLETO,78541.21,C,REF0000003351
2025-05-29,PAGAMENTO CLIENTE,67206.17,C,REF0000003824
2025-05-29,DOC RECEBIDO,54370.69,C,REF0000003030
2025-05-15,BOLETO PAGO,-66888.18,D,REF0000003443
2025-05-10,SALÁRIO DEPOSITADO,52670.46,C,REF0000003910
2025-05-18,DEVOLUÇÃO BOLETO,54287.11,C,REF0000003455
2025-05-16,REEMBOLSO DESPESA,1943.64,C,REF0000003083
2025-05-17,PAGAMENTO SALÁRIO,-9065.25,D,REF0000003286
2025-05-01,DOC RECEBIDO,63545.88,C,REF0000003957
2025-05-06,TARIFA BANCÁRIA,-59140.31,D,REF0000003271
2025-05-08,DEVOLUÇÃO BOLETO,2619.33,C,REF0000003309
2025-05-31,BOLETO PAGO,-42863.73,D,REF0000003126
2025-05-19,TED ENVIADA,-65181.25,D,REF0000003036
2025-05-16,TRANSFERÊNCIA RECEBIDA,31496.53,C,REF0000003226
2025-05-23,REEMBOLSO DESPESA,37690.52,C,REF0000003696
2025-05-17,TED RECEBIDA,40579.69,C,REF0000003457
2025-05-15,TRANSFERÊNCIA RECEBIDA,15697.65,C,REF0000003370
2025-05-31,PAGAMENTO SALÁRIO,14499.98,D,REF0000000336
2025-05-25,TED ENVIADA,53267.0,D,REF0000000653
2025-05-10,DEVOLUÇÃO BOLETO,15009.57,C,REF0000003677
2025-05-23,DÉBITO AUTOMÁTICO,-69720.66,D,REF0000003583
2025-05-27,SAQUE ATM,-75198.19,D,REF0000003467
2025-05-02,REEMBOLSO DESPESA,79025.47,C,REF0000003116
2025-05-26,TED ENVIADA,-74633.9,D,REF0000003033
2025-05-19,BOLETO PAGO,-24567.69,D,REF0000003808
2025-05-24,PIX RECEBIDO,71111.2,C,REF0000003938
2025-05-10,SAQUE ATM,-59268.76,D,REF0000003494
2025-05-21,TARIFA BANCÁRIA,-22643.84,D,REF0000003526
2025-05-27,DÉBITO AUTOMÁTICO,-33927.8,D,REF0000003201
2025-05-09,TRANSFERÊNCIA RECEBIDA,4761.69,C,REF0000003580
2025-05-06,BOLETO PAGO,-74170.01,D,REF0000003599
2025-05-25,SALÁRIO DEPOSITADO,74061.07,C,REF0000003479
2025-05-04,PAGAMENTO SALÁRIO,-50970.45,D,REF0000003237
2025-05-28,TRANSFERÊNCIA RECEBIDA,7467.53,C,REF0000003180
2025-05-20,TRANSFERÊNCIA ENVIADA,-19166.89,D,REF0000003090
2025-05-20,CRÉDITO FOLHA,57831.76,C,REF0000003129
2025-05-02,PAGAMENTO SALÁRIO,-61642.81,D,REF0000003175
2025-05-09,PIX RECEBIDO,74732.12,C,REF0000003231
2025-05-22,REEMBOLSO DESPESA,70825.98,C,REF0000003008
2025-05-21,SAQUE ATM,-75996.03,D,REF0000003493
2025-05-10,IOF,-63221.49,D,REF0000003891
2025-05-15,TED RECEBIDA,57314.26,C,REF0000003514
2025-05-21,PIX RECEBIDO,6927.16,C,REF0000003372
2025-05-19,PIX ENVIADO,-24031.88,D,REF0000003839
2025-05-30,PIX RECEBIDO,37441.67,C,REF0000003671
2025-05-25,SALÁRIO DEPOSITADO,25935.05,C,REF0000003856
2025-05-30,TRANSFERÊNCIA ENVIADA,-47871.9,D,REF0000003393
2025-05-02,PAGAMENTO CLIENTE,-36886.4,C,REF0000000257
2025-05-09,SAQUE ATM,-17255.98,D,REF0000003745
2025-05-19,TED ENVIADA,-50768.19,D,REF0000003892
2025-05-03,REEMBOLSO DESPESA,68628.09,C,REF0000003693
2025-05-22,PAGAMENTO FORNECEDOR,-62831.8,D,REF0000003306
2025-05-27,BOLETO PAGO,-52439.31,D,REF0000003561
2025-05-25,PIX RECEBIDO,16992.2,C,REF0000003074
2025-05-31,RENDIMENTO POUPANÇA,70833.67,C,REF0000003506
2025-05-30,CRÉDITO FOLHA,61605.73,C,REF0000003904
2025-05-18,PIX RECEBIDO,15467.98,C,REF0000003190
2025-05-26,SAQUE ATM,-43689.16,D,REF0000003316
2025-05-15,CRÉDITO FOLHA,35148.75,C,REF0000003679
2025-05-09,RENDIMENTO POUPANÇA,14210.11,C,REF0000003662
2025-05-15,REEMBOLSO DESPESA,25654.47,C,REF0000003035
2025-05-07,PAGAMENTO CLIENTE,6156.41,C,REF0000003413
2025-05-24,DOC RECEBIDO,38786.35,C,REF0000003525
2025-05-06,IOF,-22938.36,D,REF0000003774
2025-05-02,TED RECEBIDA,6671.83,C,REF0000003641
2025-05-19,DÉBITO AUTOMÁTICO,-12959.73,D,REF0000003095
2025-05-10,TRANSFERÊNCIA ENVIADA,-8276.42,D,REF0000003199
2025-05-13,SAQUE ATM,-1556.94,D,REF0000003427
2025-05-01,TED ENVIADA,-50217.49,D,REF0000003020
2025-05-31,TED RECEBIDA,79446.53,C,REF0000003516
2025-05-15,COMPRA CARTÃO,-37641.25,D,REF0000003058
2025-05-19,COMPRA CARTÃO,-9566.42,D,REF0000003491
2025-05-02,SAQUE ATM,-51351.84,D,REF0000003635
2025-05-27,DEVOLUÇÃO BOLETO,24533.28,C,REF0000003861
2025-05-18,PIX ENVIADO,-12403.34,D,REF0000003019
2025-05-13,REEMBOLSO DESPESA,70613.89,C,REF0000003266
2025-05-15,COMPRA CARTÃO,-23381.25,D,REF0000003761
2025-05-19,TED ENVIADA,-45475.45,D,REF0000003653
2025-05-19,DOC RECEBIDO,67800.81,C,REF0000003928
2025-05-26,PIX ENVIADO,-62619.88,D,REF0000003434
2025-05-01,SALÁRIO DEPOSITADO,76069.08,C,REF0000003527
2025-05-12,SALÁRIO DEPOSITADO,56262.31,C,REF0000003045
2025-05-15,CRÉDITO FOLHA,43323.7,C,REF0000003996
2025-05-18,PIX ENVIADO,-46412.26,D,REF0000003453
2025-05-17,DOC RECEBIDO,7473.5,C,REF0000003917
2025-05-02,BOLETO PAGO,-58006.62,D,REF0000003422
2025-05-19,RENDIMENTO POUPANÇA,22434.84,C,REF0000003610
2025-05-30,DÉBITO AUTOMÁTICO,-44354.77,D,REF0000003062
2025-05-30,DEVOLUÇÃO BOLETO,43789.63,C,REF0000003390
2025-05-05,REEMBOLSO DESPESA,1047.59,C,REF0000003056
2025-05-04,CRÉDITO FOLHA,50761.73,C,REF0000003134
2025-05-06,PAGAMENTO FORNECEDOR,-78987.17,D,REF0000003292
2025-05-25,TARIFA BANCÁRIA,-6888.67,D,REF0000003439
2025-05-06,PAGAMENTO SALÁRIO,-12742.05,D,REF0000003979
2025-05-04,REEMBOLSO DESPESA,49320.02,C,REF0000003147
2025-05-09,PAGAMENTO SALÁRIO,-57609.44,D,REF0000003594
2025-05-25,BOLETO PAGO,-55772.64,D,REF0000003539
2025-05-26,DOC RECEBIDO,17583.92,C,REF0000003949
2025-05-05,BOLETO PAGO,-12397.58,D,REF0000003810
2025-05-15,PIX RECEBIDO,77636.46,C,REF0000003828
2025-05-30,DOC RECEBIDO,30627.47,C,REF0000003630
2025-05-20,DÉBITO AUTOMÁTICO,-50043.73,D,REF0000003936
2025-05-23,TARIFA BANCÁRIA,-55769.45,D,REF0000003490
2025-05-24,TED ENVIADA,-43693.06,D,REF0000003962
2025-05-03,TRANSFERÊNCIA ENVIADA,-69924.45,D,REF0000003379
2025-05-06,PIX RECEBIDO,70118.64,C,REF0000003484
2025-05-11,PIX RECEBIDO,-35708.26,C,REF0000000085
2025-05-01,TED ENVIADA,-16340.82,D,REF0000003168
2025-05-29,RENDIMENTO POUPANÇA,14242.33,C,REF0000003275
2025-05-15,PAGAMENTO CLIENTE,67198.09,C,REF0000003624
2025-05-27,SAQUE ATM,-52233.36,D,REF0000003069
2025-05-11,SAQUE ATM,-22856.31,D,REF0000003501
2025-05-17,DEVOLUÇÃO BOLETO,32279.37,C,REF0000003163
2025-05-06,PAGAMENTO SALÁRIO,-21624.36,D,REF0000003119
2025-05-31,PIX RECEBIDO,16958.86,C,REF0000003118
2025-05-14,CRÉDITO FOLHA,49960.0,C,REF0000003763
2025-05-08,REEMBOLSO DESPESA,79483.55,C,REF0000003229
2025-05-25,TED ENVIADA,-50092.44,D,REF0000003847
2025-05-13,PAGAMENTO FORNECEDOR,-57705.09,D,REF0000003814
2025-05-13,TRANSFERÊNCIA ENVIADA,-78954.99,D,REF0000003874
2025-05-08,PIX RECEBIDO,7404.67,C,REF0000003405
2025-05-25,DOC RECEBIDO,38500.52,C,REF0000003987
2025-05-20,BOLETO PAGO,-15196.5,D,REF0000003260
2025-05-19,PIX ENVIADO,-39488.81,D,REF0000003500
2025-05-28,PAGAMENTO SALÁRIO,-53076.68,D,REF0000003966
2025-05-29,COMPRA CARTÃO,-24125.67,D,REF0000003285
2025-05-22,REEMBOLSO DESPESA,-75218.75,C,REF0000000655
2025-05-25,DOC RECEBIDO,38500.52,C,REF0000003987
2025-05-13,CRÉDITO FOLHA,4824.62,C,REF0000003426
2025-05-20,PIX RECEBIDO,58154.83,C,REF0000003011
2025-05-08,PAGAMENTO CLIENTE,67321.96,C,REF0000003420
2025-05-17,PAGAMENTO FORNECEDOR,-66836.95,D,REF0000003280
2025-05-07,COMPRA CARTÃO,-55078.98,D,REF0000003210
2025-05-11,TARIFA BANCÁRIA,-74974.41,D,REF0000003785
2025-05-14,CRÉDITO FOLHA,27308.5,C,REF0000003433
2025-05-09,TED RECEBIDA,5314.5,C,REF0000003265
2025-05-09,DÉBITO AUTOMÁTICO,-52594.16,D,REF0000003749
2025-05-03,TED RECEBIDA,79629.29,C,REF0000003146
2025-05-07,REEMBOLSO DESPESA,44481.38,C,REF0000003160
2025-05-17,SAQUE ATM,-62792.5,D,REF0000003566
2025-05-31,PIX ENVIADO,-70081.55,D,REF0000003926
2025-05-20,PIX RECEBIDO,39922.04,C,REF0000003381
2025-05-31,TRANSFERÊNCIA RECEBIDA,12875.41,C,REF0000003871
2025-05-13,PIX RECEBIDO,44222.05,C,REF0000003400
2025-05-09,TARIFA BANCÁRIA,-7306.06,D,REF0000003670
2025-05-31,REEMBOLSO DESPESA,47985.48,C,REF0000003780
2025-05-04,PAGAMENTO FORNECEDOR,-52440.38,D,REF0000003247
2025-05-12,BOLETO PAGO,-445.34,D,REF0000003695
2025-05-30,TRANSFERÊNCIA RECEBIDA,77559.12,C,REF0000003298
2025-05-11,PIX ENVIADO,-51016.38,D,REF0000003642
2025-05-29,COMPRA CARTÃO,-45419.17,D,REF0000003211
2025-05-19,PAGAMENTO CLIENTE,73506.07,C,REF0000003736
2025-05-02,TED ENVIADA,-76611.38,D,REF0000003047
2025-05-28,DEVOLUÇÃO BOLETO,43412.49,C,REF0000003016
2025-05-10,REEMBOLSO DESPESA,44953.16,C,REF0000003212
2025-05-04,DOC RECEBIDO,53331.37,C,REF0000003508
2025-05-01,TED RECEBIDA,62372.19,C,REF0000003209
2025-05-21,TARIFA BANCÁRIA,-15060.12,D,REF0000003075
2025-05-12,DÉBITO AUTOMÁTICO,-37784.93,D,REF0000003860
2025-05-04,CRÉDITO FOLHA,67453.9,C,REF0000003227
2025-05-18,TRANSFERÊNCIA ENVIADA,-19655.87,D,REF0000003880
2025-05-19,SALÁRIO DEPOSITADO,76416.59,C,REF0000003469
2025-05-21,REEMBOLSO DESPESA,44654.51,C,REF0000003626
2025-05-01,CRÉDITO FOLHA,22838.7,C,REF0000003220
2025-05-12,PIX RECEBIDO,16302.21,C,REF0000003046
2025-05-19,TED ENVIADA,63498.32,D,REF0000000862
2025-05-17,DEVOLUÇÃO BOLETO,29562.15,C,REF0000003704
2025-05-11,BOLETO PAGO,-60803.49,D,REF0000003954
2025-05-22,REEMBOLSO DESPESA,22832.88,C,REF0000003709
2025-05-14,REEMBOLSO DESPESA,30699.11,C,REF0000003777
2025-05-21,TRANSFERÊNCIA RECEBIDA,77272.55,C,REF0000003445
2025-05-01,BOLETO PAGO,-67003.1,D,REF0000003054
2025-05-16,PIX ENVIADO,-54919.58,D,REF0000003715
2025-05-12,COMPRA CARTÃO,65478.56,D,REF0000001006
2025-05-23,SAQUE ATM,-30215.9,D,REF0000003620
2025-05-30,PAGAMENTO FORNECEDOR,-52454.07,D,REF0000003963
2025-05-10,TRANSFERÊNCIA ENVIADA,-73619.52,D,REF0000003311
2025-05-30,PAGAMENTO FORNECEDOR,-11574.01,D,REF0000003049
2025-05-01,COMPRA CARTÃO,-54764.83,D,REF0000003782
2025-05-31,TED RECEBIDA,42904.25,C,REF0000003548
2025-05-02,TARIFA BANCÁRIA,-19437.67,D,REF0000003050
2025-05-24,TED ENVIADA,-68898.07,D,REF0000003840
2025-05-04,CRÉDITO FOLHA,8918.97,C,REF0000003178
2025-05-28,PIX RECEBIDO,75204.1,C,REF0000003556
2025-05-08,PAGAMENTO SALÁRIO,-25075.64,D,REF0000003585
2025-05-30,TRANSFERÊNCIA ENVIADA,-6893.55,D,REF0000003315
2025-05-12,PIX RECEBIDO,55555.86,C,REF0000003744
2025-05-17,RENDIMENTO POUPANÇA,72887.71,C,REF0000003633
2025-05-17,DEVOLUÇÃO BOLETO,15707.1,C,REF0000003631
2025-05-10,PIX ENVIADO,-54993.39,D,REF0000003541
2025-05-24,DOC RECEBIDO,37607.69,C,REF0000003057
2025-05-19,PIX ENVIADO,-24780.4,D,REF0000003295
2025-05-08,RENDIMENTO POUPANÇA,33971.48,C,REF0000003911
2025-05-06,TED RECEBIDA,24137.52,C,REF0000003692
2025-05-11,PIX RECEBIDO,52425.66,C,REF0000003644
2025-05-19,PIX RECEBIDO,12222.9,C,REF0000003496
2025-05-10,PAGAMENTO SALÁRIO,-45074.1,D,REF0000003575
2025-05-10,SALÁRIO DEPOSITADO,61850.71,C,REF0000003906
2025-05-20,PIX ENVIADO,-60994.91,D,REF0000003930
2025-05-06,DÉBITO AUTOMÁTICO,-8002.35,D,REF0000003504
2025-05-08,TED RECEBIDA,39371.05,C,REF0000003025
2025-05-26,SAQUE ATM,-1943.14,D,REF0000003867
2025-05-03,TARIFA BANCÁRIA,-33239.47,D,REF0000003920
2025-05-21,RENDIMENTO POUPANÇA,46642.66,C,REF0000003387
2025-05-31,CRÉDITO FOLHA,32718.44,C,REF0000003446
2025-05-11,PAGAMENTO SALÁRIO,-47946.4,D,REF0000003750
2025-05-15,SAQUE ATM,-13045.78,D,REF0000003437
2025-05-06,PAGAMENTO SALÁRIO,-49922.42,D,REF0000003300
2025-05-12,COMPRA CARTÃO,-16017.68,D,REF0000003203
2025-05-09,DEVOLUÇÃO BOLETO,8160.12,C,REF0000003875
2025-05-27,PAGAMENTO FORNECEDOR,-71737.56,D,REF0000003139
2025-05-23,RENDIMENTO POUPANÇA,75641.92,C,REF0000003623
2025-05-07,TED ENVIADA,-28785.62,D,REF0000003290
2025-05-04,PAGAMENTO CLIENTE,41673.59,C,REF0000003994
2025-05-27,TED RECEBIDA,2750.55,C,REF0000003560
2025-05-08,PIX RECEBIDO,27482.89,C,REF0000003404
2025-05-31,TED ENVIADA,-7767.83,D,REF0000003535
2025-05-16,DÉBITO AUTOMÁTICO,-72993.88,D,REF0000003545
2025-05-17,PAGAMENTO CLIENTE,45052.5,C,REF0000003976
2025-05-26,RENDIMENTO POUPANÇA,77627.49,C,REF0000003689
2025-05-20,IOF,-67217.66,D,REF0000003540
2025-05-04,PIX ENVIADO,-55262.9,D,REF0000003329
2025-05-30,DOC RECEBIDO,36411.89,C,REF0000003094
2025-05-26,IOF,-53454.67,D,REF0000003533
2025-05-14,PAGAMENTO SALÁRIO,-29925.96,D,REF0000003102
2025-05-07,RENDIMENTO POUPANÇA,27422.24,C,REF0000003820
2025-05-03,PIX RECEBIDO,79531.02,C,REF0000003492
2025-05-25,DOC RECEBIDO,70852.77,C,REF0000003703
2025-05-13,BOLETO PAGO,-73698.04,D,REF0000003766
2025-05-13,TARIFA BANCÁRIA,-42621.33,D,REF0000003043
2025-05-12,SALÁRIO DEPOSITADO,-7638.34,C,REF0000000741
2025-05-24,TED ENVIADA,-11128.27,D,REF0000003193
2025-05-10,PIX RECEBIDO,35109.76,C,REF0000003794
2025-05-23,DÉBITO AUTOMÁTICO,-60851.01,D,REF0000003246
2025-05-31,TRANSFERÊNCIA ENVIADA,-50746.87,D,REF0000003145
2025-05-16,PAGAMENTO CLIENTE,27289.87,C,REF0000003375
2025-05-18,PAGAMENTO SALÁRIO,-27427.42,D,REF0000003851
2025-05-13,TRANSFERÊNCIA ENVIADA,-36593.73,D,REF0000003347
2025-05-16,TRANSFERÊNCIA RECEBIDA,65333.88,C,REF0000003068
2025-05-06,TRANSFERÊNCIA RECEBIDA,18305.78,C,REF0000003830
2025-05-13,RENDIMENTO POUPANÇA,11381.94,C,REF0000003120
2025-05-14,PAGAMENTO SALÁRIO,-66339.57,D,REF0000003459
2025-05-22,REEMBOLSO DESPESA,42758.16,C,REF0000003399
2025-05-01,SAQUE ATM,-9892.65,D,REF0000003913
2025-05-26,PAGAMENTO FORNECEDOR,-40888.15,D,REF0000003466
2025-05-18,DEVOLUÇÃO BOLETO,64030.79,C,REF0000003977
2025-05-24,COMPRA CARTÃO,-61671.05,D,REF0000003628
2025-05-21,COMPRA CARTÃO,-38065.9,D,REF0000003676
2025-05-11,IOF,-34061.19,D,REF0000003618
2025-05-31,RENDIMENTO POUPANÇA,54980.24,C,REF0000003198
2025-05-05,DOC RECEBIDO,10279.47,C,REF0000003929
2025-05-02,PAGAMENTO SALÁRIO,-21063.05,D,REF0000003103
2025-05-06,DEVOLUÇÃO BOLETO,78673.96,C,REF0000003172
2025-05-17,TRANSFERÊNCIA RECEBIDA,51035.28,C,REF0000003531
2025-05-30,PIX RECEBIDO,27629.35,C,REF0000003605
2025-05-10,BOLETO PAGO,-64693.5,D,REF0000003185
2025-05-19,COMPRA CARTÃO,-10397.29,D,REF0000003358
2025-05-03,COMPRA CARTÃO,-15997.71,D,REF0000003111
2025-05-17,DOC RECEBIDO,37332.08,C,REF0000003299
2025-05-01,IOF,-76917.68,D,REF0000003320
2025-05-06,DÉBITO AUTOMÁTICO,-27394.43,D,REF0000003124
2025-05-03,PAGAMENTO FORNECEDOR,-72982.67,D,REF0000003551
2025-05-20,SAQUE ATM,-55489.0,D,REF0000003040
2025-05-24,IOF,-39249.52,D,REF0000003638
2025-05-22,TRANSFERÊNCIA RECEBIDA,21723.91,C,REF0000003032
2025-05-04,DEVOLUÇÃO BOLETO,48066.28,C,REF0000003456
2025-05-14,TRANSFERÊNCIA RECEBIDA,28081.56,C,REF0000003153
2025-05-17,TRANSFERÊNCIA RECEBIDA,26324.72,C,REF0000003844
2025-05-16,DOC RECEBIDO,41386.53,C,REF0000003672
2025-05-22,DOC RECEBIDO,52385.34,C,REF0000003452
2025-05-22,COMPRA CARTÃO,-20223.53,D,REF0000003727
2025-05-31,REEMBOLSO DESPESA,66956.42,C,REF0000003741
2025-05-26,DEVOLUÇÃO BOLETO,10434.77,C,REF0000003688
2025-05-30,TED RECEBIDA,79127.52,C,REF0000003615
2025-05-05,PIX RECEBIDO,61799.01,C,REF0000003912
2025-05-14,SAQUE ATM,-68727.31,D,REF0000003100
2025-05-09,BOLETO PAGO,-36785.57,D,REF0000003354
2025-05-13,COMPRA CARTÃO,-22010.15,D,REF0000003224
2025-05-19,TARIFA BANCÁRIA,-62202.8,D,REF0000003841
2025-05-12,DEVOLUÇÃO BOLETO,9420.71,C,REF0000003187
2025-05-12,PIX RECEBIDO,582.88,C,REF0000003511
2025-05-19,PIX ENVIADO,-21970.2,D,REF0000003636
2025-05-11,TED ENVIADA,-44866.72,D,REF0000003652
2025-05-07,TRANSFERÊNCIA RECEBIDA,21443.86,C,REF0000003194
2025-05-10,IOF,-63221.49,D,REF0000003891
2025-05-01,DEVOLUÇÃO BOLETO,29048.0,C,REF0000003072
2025-05-18,TED RECEBIDA,77450.78,C,REF0000003384
2025-05-28,SALÁRIO DEPOSITADO,44892.79,C,REF0000003577
2025-05-29,COMPRA CARTÃO,-76578.15,D,REF0000003883
2025-05-04,TED ENVIADA,-34315.65,D,REF0000003797
2025-05-29,DEVOLUÇÃO BOLETO,5678.7,C,REF0000003997
2025-05-31,TRANSFERÊNCIA RECEBIDA,71007.11,C,REF0000003394
2025-05-07,SALÁRIO DEPOSITADO,41609.81,C,REF0000003335
2025-05-27,BOLETO PAGO,-14562.01,D,REF0000003005
2025-05-25,TARIFA BANCÁRIA,-48822.02,D,REF0000003895
2025-05-02,SAQUE ATM,-40623.62,D,REF0000003542
2025-05-26,PAGAMENTO SALÁRIO,-16353.29,D,REF0000003002
2025-05-05,RENDIMENTO POUPANÇA,9666.21,C,REF0000003970
2025-05-31,BOLETO PAGO,-52040.85,D,REF0000003098
2025-05-03,COMPRA CARTÃO,-31264.59,D,REF0000003383
2025-05-24,PAGAMENTO SALÁRIO,-71846.8,D,REF0000003700
2025-05-22,REEMBOLSO DESPESA,918.86,C,REF0000003061
2025-05-24,TRANSFERÊNCIA RECEBIDA,30623.55,C,REF0000003571
2025-05-30,SAQUE ATM,-56762.76,D,REF0000003063
2025-05-11,PAGAMENTO FORNECEDOR,-28431.58,D,REF0000003621
2025-05-04,RENDIMENTO POUPANÇA,8270.08,C,REF0000003021
2025-05-09,CRÉDITO FOLHA,71609.92,C,REF0000003264
2025-05-06,TED RECEBIDA,53010.33,C,REF0000003537
2025-05-28,PAGAMENTO FORNECEDOR,-49265.74,D,REF0000003743
2025-05-07,PIX RECEBIDO,23473.9,C,REF0000003786
2025-05-21,PIX RECEBIDO,46464.02,C,REF0000003348
2025-05-22,DOC RECEBIDO,23245.04,C,REF0000003084
2025-05-02,IOF,-6763.3,D,REF0000003649
2025-05-12,IOF,-21200.38,D,REF0000003663
2025-05-06,PAGAMENTO CLIENTE,55510.9,C,REF0000003978
2025-05-26,TRANSFERÊNCIA ENVIADA,-26379.85,D,REF0000003233
2025-05-06,TED ENVIADA,-31894.62,D,REF0000003206
2025-05-22,TED ENVIADA,-38322.17,D,REF0000003412
2025-05-16,DÉBITO AUTOMÁTICO,-8149.28,D,REF0000003267
2025-05-30,RENDIMENTO POUPANÇA,12713.14,C,REF0000003189
2025-05-23,PAGAMENTO SALÁRIO,-76554.58,D,REF0000003947
2025-05-21,PIX RECEBIDO,6927.16,C,REF0000003372
2025-05-14,DEVOLUÇÃO BOLETO,57773.44,C,REF0000003799
2025-05-09,PAGAMENTO SALÁRIO,-28967.5,D,REF0000003441
2025-05-18,DOC RECEBIDO,67466.94,C,REF0000003980
2025-05-14,PIX RECEBIDO,39308.4,C,REF0000003182
2025-05-30,SAQUE ATM,-60477.32,D,REF0000003364
2025-05-15,SAQUE ATM,-37496.89,D,REF0000003319
2025-05-27,CRÉDITO FOLHA,61690.15,C,REF0000003916
2025-05-18,TRANSFERÊNCIA ENVIADA,-79593.54,D,REF0000003188
2025-05-13,PAGAMENTO CLIENTE,27939.28,C,REF0000003352
2025-05-15,BOLETO PAGO,-9114.73,D,REF0000003142
2025-05-28,BOLETO PAGO,-59441.18,D,REF0000003486
2025-05-28,REEMBOLSO DESPESA,54577.79,C,REF0000003791
2025-05-26,TED RECEBIDA,18887.6,C,REF0000003391
2025-05-23,REEMBOLSO DESPESA,4367.1,C,REF0000003418
2025-05-06,PAGAMENTO FORNECEDOR,-61012.06,D,REF0000003940
2025-05-01,TRANSFERÊNCIA ENVIADA,-39090.33,D,REF0000003702
2025-05-15,TARIFA BANCÁRIA,-36195.72,D,REF0000003961
2025-05-06,PIX RECEBIDO,30086.1,C,REF0000003588
2025-05-29,COMPRA CARTÃO,-56435.15,D,REF0000003414
2025-05-09,IOF,-20672.63,D,REF0000003097
2025-05-26,PIX ENVIADO,-16784.07,D,REF0000003614
2025-05-04,TRANSFERÊNCIA ENVIADA,-68752.15,D,REF0000003340
2025-05-25,PIX ENVIADO,-79666.28,D,REF0000003764
2025-05-10,PAGAMENTO SALÁRIO,-72784.23,D,REF0000003747
2025-05-12,PAGAMENTO CLIENTE,62368.08,C,REF0000003908
2025-05-27,PAGAMENTO SALÁRIO,-66368.53,D,REF0000003665
2025-05-12,DÉBITO AUTOMÁTICO,-49999.42,D,REF0000003031
2025-05-21,CRÉDITO FOLHA,72295.87,C,REF0000003186
2025-05-21,COMPRA CARTÃO,-30051.59,D,REF0000003184
2025-05-28,TRANSFERÊNCIA RECEBIDA,11509.5,C,REF0000003616
2025-05-30,TED ENVIADA,-28188.95,D,REF0000003255
2025-05-14,TRANSFERÊNCIA RECEBIDA,63538.26,C,REF0000003200
2025-05-14,CRÉDITO FOLHA,-46430.76,C,REF0000000750
2025-05-30,PAGAMENTO SALÁRIO,-67450.31,D,REF0000003166
2025-05-01,TARIFA BANCÁRIA,-453.83,D,REF0000003748
2025-05-09,PIX RECEBIDO,1752.11,C,REF0000003424
2025-05-14,COMPRA CARTÃO,-20965.34,D,REF0000003543
2025-05-01,RENDIMENTO POUPANÇA,11884.52,C,REF0000003806
2025-05-26,SAQUE ATM,-1340.83,D,REF0000003922
2025-05-04,PAGAMENTO CLIENTE,22612.44,C,REF0000003073
2025-05-03,PIX ENVIADO,-14767.06,D,REF0000003123
2025-05-18,TED RECEBIDA,15981.45,C,REF0000003602
2025-05-30,PIX ENVIADO,-48542.34,D,REF0000003367
2025-05-21,RENDIMENTO POUPANÇA,35769.27,C,REF0000003730
2025-05-11,IOF,-33596.54,D,REF0000003536
2025-05-22,DÉBITO AUTOMÁTICO,-55623.23,D,REF0000003625
2025-05-10,PIX RECEBIDO,51822.76,C,REF0000003007
2025-05-05,DEVOLUÇÃO BOLETO,46446.78,C,REF0000003323
2025-05-10,PIX RECEBIDO,37665.95,C,REF0000003601
2025-05-13,TED ENVIADA,-56512.62,D,REF0000003698
2025-05-13,PAGAMENTO CLIENTE,78818.12,C,REF0000003553
2025-05-30,TRANSFERÊNCIA ENVIADA,-60008.0,D,REF0000003148
2025-05-11,RENDIMENTO POUPANÇA,42171.19,C,REF0000003417
2025-05-19,SALÁRIO DEPOSITADO,-72651.1,C,REF0000000520
2025-05-20,DEVOLUÇÃO BOLETO,20243.35,C,REF0000003681
2025-05-08,IOF,-61822.89,D,REF0000003239
2025-05-09,PAGAMENTO CLIENTE,67345.58,C,REF0000003339
2025-05-26,DEVOLUÇÃO BOLETO,45134.41,C,REF0000003312
2025-05-07,DOC RECEBIDO,36873.99,C,REF0000003691
2025-05-19,DOC RECEBIDO,12912.66,C,REF0000003714
2025-05-13,PIX ENVIADO,-75961.56,D,REF0000003998
2025-05-09,BOLETO PAGO,-27013.5,D,REF0000003964
2025-05-12,BOLETO PAGO,-49772.21,D,REF0000003463
2025-05-25,DOC RECEBIDO,37373.96,C,REF0000003678
2025-05-02,SAQUE ATM,-22785.05,D,REF0000003221
2025-05-19,PAGAMENTO FORNECEDOR,-59810.68,D,REF0000003406
2025-05-06,SAQUE ATM,-65868.89,D,REF0000003932
2025-05-28,TARIFA BANCÁRIA,-44186.99,D,REF0000003783
2025-05-09,CRÉDITO FOLHA,27002.4,C,REF0000003722
2025-05-12,SAQUE ATM,-4471.83,D,REF0000003864
2025-05-19,RENDIMENTO POUPANÇA,34471.49,C,REF0000003503
2025-05-29,TRANSFERÊNCIA RECEBIDA,24948.9,C,REF0000003945
2025-05-21,PAGAMENTO CLIENTE,-61676.17,C,REF0000000730
2025-05-20,DEVOLUÇÃO BOLETO,34318.84,C,REF0000003029
2025-05-20,PIX RECEBIDO,22184.46,C,REF0000003746
2025-05-07,REEMBOLSO DESPESA,51907.31,C,REF0000003259
2025-05-04,PAGAMENTO FORNECEDOR,-38264.42,D,REF0000003921
2025-05-12,PIX ENVIADO,65231.92,D,REF0000000282
2025-05-12,COMPRA CARTÃO,-3299.25,D,REF0000003737
2025-05-14,TED ENVIADA,-75661.26,D,REF0000003924
2025-05-26,TED RECEBIDA,29237.19,C,REF0000003934
2025-05-13,DOC RECEBIDO,25502.62,C,REF0000003699
2025-05-08,PIX RECEBIDO,32062.17,C,REF0000003066
2025-05-31,TRANSFERÊNCIA RECEBIDA,15685.04,C,REF0000003152
2025-05-03,TED ENVIADA,-68519.46,D,REF0000003870
2025-05-05,COMPRA CARTÃO,-72345.62,D,REF0000003489
2025-05-20,IOF,-30152.99,D,REF0000003356
2025-05-14,CRÉDITO FOLHA,-39623.34,C,REF0000000058
2025-05-13,CRÉDITO FOLHA,2986.65,C,REF0000003666
2025-05-01,CRÉDITO FOLHA,36209.01,C,REF0000003573
2025-05-05,RENDIMENTO POUPANÇA,51368.87,C,REF0000003460
2025-05-21,REEMBOLSO DESPESA,59847.48,C,REF0000003956
2025-05-12,DOC RECEBIDO,34199.48,C,REF0000003023
2025-05-21,BOLETO PAGO,-6682.92,D,REF0000003176
2025-05-20,PAGAMENTO FORNECEDOR,-14736.32,D,REF0000003067
2025-05-18,CRÉDITO FOLHA,22151.83,C,REF0000003447
2025-05-19,REEMBOLSO DESPESA,22002.72,C,REF0000003606
2025-05-21,DOC RECEBIDO,31329.5,C,REF0000003988
2025-05-17,DEVOLUÇÃO BOLETO,15934.24,C,REF0000003975
2025-05-06,RENDIMENTO POUPANÇA,20019.81,C,REF0000003952
2025-05-27,TARIFA BANCÁRIA,-25389.3,D,REF0000003472
2025-05-08,TED RECEBIDA,29251.28,C,REF0000003055
2025-05-28,TRANSFERÊNCIA RECEBIDA,13337.45,C,REF0000003589
2025-05-20,PIX RECEBIDO,13699.47,C,REF0000003276
2025-05-20,TRANSFERÊNCIA RECEBIDA,73175.11,C,REF0000003477
2025-05-20,PAGAMENTO CLIENTE,8116.67,C,REF0000003907
2025-05-16,CRÉDITO FOLHA,21178.38,C,REF0000003568
2025-05-29,RENDIMENTO POUPANÇA,66830.26,C,REF0000003661
2025-05-04,COMPRA CARTÃO,-67541.26,D,REF0000003719
2025-05-23,IOF,-27663.63,D,REF0000003735
2025-05-30,TED ENVIADA,-79105.01,D,REF0000003507
2025-05-13,TED RECEBIDA,11782.7,C,REF0000003738
2025-05-25,TRANSFERÊNCIA RECEBIDA,70105.57,C,REF0000004000
2025-05-08,TED ENVIADA,-40054.99,D,REF0000003619
2025-05-18,DÉBITO AUTOMÁTICO,-40617.95,D,REF0000003827
2025-05-18,TRANSFERÊNCIA RECEBIDA,-66109.55,C,REF0000000107
2025-05-26,RENDIMENTO POUPANÇA,49235.92,C,REF0000003322
2025-05-01,PAGAMENTO FORNECEDOR,-10380.77,D,REF0000003549
2025-05-17,DOC RECEBIDO,79195.18,C,REF0000003488
2025-05-22,TRANSFERÊNCIA ENVIADA,-4053.38,D,REF0000003726
2025-05-29,DEVOLUÇÃO BOLETO,56559.44,C,REF0000003520
2025-05-23,IOF,-26486.36,D,REF0000003804
2025-05-02,TRANSFERÊNCIA RECEBIDA,77735.87,C,REF0000003099
2025-05-14,PAGAMENTO SALÁRIO,-9132.87,D,REF0000003132
2025-05-14,TED ENVIADA,-790.22,D,REF0000003593
2025-05-19,BOLETO PAGO,-30012.92,D,REF0000003955
2025-05-12,BOLETO PAGO,-49495.88,D,REF0000003815
2025-05-06,TRANSFERÊNCIA RECEBIDA,19282.97,C,REF0000003253
2025-05-25,PAGAMENTO CLIENTE,78459.72,C,REF0000003720
2025-05-29,DEVOLUÇÃO BOLETO,39032.06,C,REF0000003848
2025-05-15,BOLETO PAGO,-66888.18,D,REF0000003443
2025-05-01,DEVOLUÇÃO BOLETO,29652.0,C,REF0000003138
2025-05-06,SAQUE ATM,-2834.39,D,REF0000003710
2025-05-17,SAQUE ATM,-60146.77,D,REF0000003079
2025-05-09,SALÁRIO DEPOSITADO,-77887.69,C,REF0000000365
2025-05-30,DOC RECEBIDO,23250.49,C,REF0000003554
2025-05-19,DÉBITO AUTOMÁTICO,-47567.46,D,REF0000003328
2025-05-22,SALÁRIO DEPOSITADO,28273.13,C,REF0000003241
2025-05-19,REEMBOLSO DESPESA,28796.9,C,REF0000003374
2025-05-04,RENDIMENTO POUPANÇA,62601.87,C,REF0000003380
2025-05-22,CRÉDITO FOLHA,9988.3,C,REF0000003442
2025-05-18,PIX RECEBIDO,73090.48,C,REF0000003939
2025-05-25,CRÉDITO FOLHA,12049.58,C,REF0000003821
2025-05-30,PAGAMENTO SALÁRIO,-45574.17,D,REF0000003823
2025-05-29,DOC RECEBIDO,16322.99,C,REF0000003373
2025-05-11,PAGAMENTO CLIENTE,46991.48,C,REF0000003816
2025-05-10,IOF,-34819.3,D,REF0000003724
2025-05-12,SALÁRIO DEPOSITADO,13723.78,C,REF0000003268
2025-05-08,IOF,-44537.34,D,REF0000003765
2025-05-26,DÉBITO AUTOMÁTICO,-34549.67,D,REF0000003397
2025-05-16,REEMBOLSO DESPESA,3173.0,C,REF0000003590
2025-05-28,RENDIMENTO POUPANÇA,68638.33,C,REF0000003643
2025-05-29,PAGAMENTO SALÁRIO,-28005.91,D,REF0000003410
2025-05-19,COMPRA CARTÃO,-49227.28,D,REF0000003595
2025-05-29,SALÁRIO DEPOSITADO,70237.28,C,REF0000003532
2025-05-17,CRÉDITO FOLHA,63808.1,C,REF0000003869
2025-05-05,REEMBOLSO DESPESA,4784.82,C,REF0000003986
2025-05-31,TRANSFERÊNCIA RECEBIDA,55882.44,C,REF0000003423
2025-05-06,DÉBITO AUTOMÁTICO,-73791.73,D,REF0000003197
2025-05-20,CRÉDITO FOLHA,2968.95,C,REF0000003582
2025-05-28,TRANSFERÊNCIA ENVIADA,-15583.01,D,REF0000003565
2025-05-10,IOF,-44901.65,D,REF0000003570
2025-05-27,DÉBITO AUTOMÁTICO,-47079.8,D,REF0000003425
2025-05-06,PAGAMENTO SALÁRIO,-10221.44,D,REF0000003450
2025-05-08,DÉBITO AUTOMÁTICO,-62391.41,D,REF0000003859
2025-05-24,BOLETO PAGO,-56024.09,D,REF0000003495
2025-05-28,COMPRA CARTÃO,-14282.09,D,REF0000003627
2025-05-03,PAGAMENTO FORNECEDOR,-45948.35,D,REF0000003879
2025-05-01,TARIFA BANCÁRIA,-11389.71,D,REF0000003022
2025-05-14,DÉBITO AUTOMÁTICO,-15076.88,D,REF0000003250
2025-05-06,SALÁRIO DEPOSITADO,50788.72,C,REF0000003958
2025-05-05,PIX RECEBIDO,61087.49,C,REF0000003013
2025-05-19,PAGAMENTO CLIENTE,50700.34,C,REF0000003149
2025-05-03,PIX RECEBIDO,27024.32,C,REF0000003222
2025-05-24,TARIFA BANCÁRIA,-7354.17,D,REF0000003832
2025-05-17,PAGAMENTO SALÁRIO,-27941.29,D,REF0000003664
2025-05-08,PIX RECEBIDO,69705.57,C,REF0000003451
2025-05-03,RENDIMENTO POUPANÇA,8908.75,C,REF0000003232
2025-05-21,BOLETO PAGO,-37283.93,D,REF0000003897
2025-05-13,TARIFA BANCÁRIA,-69409.25,D,REF0000003914
2025-05-16,DEVOLUÇÃO BOLETO,44538.19,C,REF0000003225
2025-05-12,TED RECEBIDA,37220.57,C,REF0000003712
2025-05-04,IOF,-61325.32,D,REF0000003854
2025-05-27,DEVOLUÇÃO BOLETO,7086.94,C,REF0000003230
2025-05-30,TED ENVIADA,-79105.01,D,REF0000003507
2025-05-12,TED RECEBIDA,49274.96,C,REF0000003027
2025-05-04,TED RECEBIDA,60411.65,C,REF0000003281
2025-05-31,RENDIMENTO POUPANÇA,33707.83,C,REF0000003684
2025-05-14,TRANSFERÊNCIA ENVIADA,-26840.44,D,REF0000003159
2025-05-03,TED ENVIADA,-68965.6,D,REF0000003562
2025-05-24,TED RECEBIDA,11825.81,C,REF0000003252
2025-05-16,PAGAMENTO CLIENTE,30685.66,C,REF0000003042
2025-05-17,PAGAMENTO CLIENTE,27324.33,C,REF0000003846
2025-05-09,RENDIMENTO POUPANÇA,4911.99,C,REF0000003454
2025-05-09,PIX RECEBIDO,74732.12,C,REF0000003231
2025-05-24,RENDIMENTO POUPANÇA,24106.33,C,REF0000003332
2025-05-03,PAGAMENTO SALÁRIO,-6346.29,D,REF0000003085
2025-05-18,TRANSFERÊNCIA RECEBIDA,60415.28,C,REF0000003584
2025-05-29,PAGAMENTO FORNECEDOR,-17141.71,D,REF0000003629
2025-05-26,TED ENVIADA,-38971.64,D,REF0000003301
2025-05-06,TRANSFERÊNCIA RECEBIDA,69669.04,C,REF0000003818
2025-05-30,DEVOLUÇÃO BOLETO,26230.51,C,REF0000003909
2025-05-28,SAQUE ATM,-37181.44,D,REF0000003943
2025-05-29,PAGAMENTO FORNECEDOR,-37168.49,D,REF0000003835
2025-05-30,IOF,-43339.56,D,REF0000003754
2025-05-10,RENDIMENTO POUPANÇA,16728.29,C,REF0000003866
2025-05-22,TRANSFERÊNCIA RECEBIDA,17882.95,C,REF0000003107
2025-05-04,PIX RECEBIDO,21677.15,C,REF0000003395
2025-05-31,CRÉDITO FOLHA,76192.53,C,REF0000003137
2025-05-28,PIX RECEBIDO,79275.55,C,REF0000003407
2025-05-24,DOC RECEBIDO,8479.27,C,REF0000003363
2025-05-10,PIX RECEBIDO,27220.33,C,REF0000003546
2025-05-31,COMPRA CARTÃO,-3458.41,D,REF0000003349
2025-05-29,REEMBOLSO DESPESA,50651.96,C,REF0000003734
2025-05-07,REEMBOLSO DESPESA,53433.43,C,REF0000003150
2025-05-30,PAGAMENTO CLIENTE,7584.69,C,REF0000003270
2025-05-08,IOF,-55039.69,D,REF0000003873
2025-05-31,RENDIMENTO POUPANÇA,35511.17,C,REF0000003415
2025-05-27,IOF,-58489.84,D,REF0000003680
2025-05-19,PAGAMENTO SALÁRIO,-5888.41,D,REF0000003898
2025-05-10,IOF,-18612.88,D,REF0000003995
2025-05-22,TRANSFERÊNCIA ENVIADA,-77334.38,D,REF0000003613
2025-05-14,COMPRA CARTÃO,-14339.32,D,REF0000003729
2025-05-21,PIX ENVIADO,-60858.74,D,REF0000003993
2025-05-06,TED ENVIADA,-28301.81,D,REF0000003096
2025-05-31,PIX RECEBIDO,35979.8,C,REF0000003204
2025-05-01,RENDIMENTO POUPANÇA,25200.69,C,REF0000003078
2025-05-26,REEMBOLSO DESPESA,52486.69,C,REF0000003713
2025-05-21,PIX RECEBIDO,48561.61,C,REF0000003634
2025-05-02,TED RECEBIDA,65019.12,C,REF0000003408
2025-05-07,TED RECEBIDA,38947.06,C,REF0000003183
2025-05-21,CRÉDITO FOLHA,76643.35,C,REF0000003091
2025-05-16,TRANSFERÊNCIA ENVIADA,-25836.46,D,REF0000003959
2025-05-20,TRANSFERÊNCIA ENVIADA,-16739.95,D,REF0000003985
2025-05-12,SAQUE ATM,-24500.43,D,REF0000003304
2025-05-12,IOF,-61707.9,D,REF0000003574
2025-05-10,DOC RECEBIDO,59805.3,C,REF0000003658
2025-05-23,IOF,-40189.82,D,REF0000003718
2025-05-22,PAGAMENTO FORNECEDOR,-36304.45,D,REF0000003519
2025-05-12,RENDIMENTO POUPANÇA,69314.29,C,REF0000003931
2025-05-23,PAGAMENTO SALÁRIO,-40330.02,D,REF0000003318
2025-05-22,PAGAMENTO CLIENTE,11364.33,C,REF0000003596
2025-05-21,PAGAMENTO CLIENTE,27916.84,C,REF0000003195
2025-05-11,TARIFA BANCÁRIA,-11683.83,D,REF0000003115
2025-05-25,TRANSFERÊNCIA RECEBIDA,16225.62,C,REF0000003017
2025-05-21,PAGAMENTO SALÁRIO,-10955.4,D,REF0000003331
2025-05-10,SALÁRIO DEPOSITADO,52219.19,C,REF0000003173
2025-05-23,TED RECEBIDA,35020.26,C,REF0000003164
2025-05-16,SAQUE ATM,-18046.68,D,REF0000003773
2025-05-14,BOLETO PAGO,-18078.45,D,REF0000003371
2025-05-04,SALÁRIO DEPOSITADO,13072.5,C,REF0000003918
2025-05-09,DÉBITO AUTOMÁTICO,-61289.85,D,REF0000003449
2025-05-31,TED RECEBIDA,31909.37,C,REF0000003826
2025-05-01,BOLETO PAGO,-65088.81,D,REF0000003346
2025-05-08,DOC RECEBIDO,2410.27,C,REF0000003360
2025-05-24,PAGAMENTO FORNECEDOR,-35115.03,D,REF0000003498
2025-05-15,TRANSFERÊNCIA RECEBIDA,9768.04,C,REF0000003725
2025-05-11,TED ENVIADA,-10786.06,D,REF0000003877
2025-05-06,BOLETO PAGO,-54531.33,D,REF0000003272
2025-05-12,DEVOLUÇÃO BOLETO,5857.59,C,REF0000003208
2025-05-31,TED RECEBIDA,27700.35,C,REF0000003392
2025-05-18,PIX RECEBIDO,32034.35,C,REF0000003775
2025-05-07,DOC RECEBIDO,41463.69,C,REF0000003191
2025-05-22,DOC RECEBIDO,16506.2,C,REF0000003992
2025-05-31,PIX RECEBIDO,2236.64,C,REF0000003510
2025-05-20,TRANSFERÊNCIA RECEBIDA,69061.67,C,REF0000003637
2025-05-03,REEMBOLSO DESPESA,76601.47,C,REF0000003321
2025-05-28,DÉBITO AUTOMÁTICO,-62427.66,D,REF0000003416
2025-05-21,CRÉDITO FOLHA,14893.43,C,REF0000003655
2025-05-16,TED ENVIADA,-43793.53,D,REF0000003093
2025-05-24,DÉBITO AUTOMÁTICO,-1839.56,D,REF0000003740
2025-05-11,PIX ENVIADO,-2326.83,D,REF0000003937
2025-05-18,SALÁRIO DEPOSITADO,-63501.6,C,REF0000000103
2025-05-10,SALÁRIO DEPOSITADO,33334.17,C,REF0000003314
2025-05-03,BOLETO PAGO,-39688.24,D,REF0000003849
2025-05-26,IOF,-53622.83,D,REF0000003325
2025-05-30,BOLETO PAGO,-21629.47,D,REF0000003234
2025-05-05,DÉBITO AUTOMÁTICO,-5689.0,D,REF0000003990
2025-05-12,DÉBITO AUTOMÁTICO,36557.02,D,REF0000000856
2025-05-22,DEVOLUÇÃO BOLETO,59323.16,C,REF0000003825
2025-05-31,CRÉDITO FOLHA,52872.84,C,REF0000003758
2025-05-18,DEVOLUÇÃO BOLETO,41515.99,C,REF0000003552
2025-05-11,RENDIMENTO POUPANÇA,498.88,C,REF0000003632
2025-05-30,TRANSFERÊNCIA RECEBIDA,53237.61,C,REF0000003361
2025-05-06,SALÁRIO DEPOSITADO,65493.08,C,REF0000003342
2025-05-05,PIX ENVIADO,-7837.61,D,REF0000003092
2025-05-19,BOLETO PAGO,-65953.64,D,REF0000003878
2025-05-14,CRÉDITO FOLHA,22582.91,C,REF0000003512
2025-05-01,RENDIMENTO POUPANÇA,78000.11,C,REF0000003865
2025-05-28,CRÉDITO FOLHA,51089.01,C,REF0000003177
2025-05-07,TED RECEBIDA,25542.72,C,REF0000003836
2025-05-26,TARIFA BANCÁRIA,-11398.91,D,REF0000003800
2025-05-25,PAGAMENTO CLIENTE,46104.31,C,REF0000003357
2025-05-17,DEVOLUÇÃO BOLETO,53155.55,C,REF0000003772
2025-05-20,DOC RECEBIDO,79847.2,C,REF0000003411
2025-05-12,PAGAMENTO CLIENTE,50529.16,C,REF0000003759
2025-05-05,PAGAMENTO CLIENTE,56140.73,C,REF0000003330
